program_id,institution_id,program_name,field_of_study,study_level,duration_months,tuition_amount,tuition_currency,original_tuition_amount,original_currency,min_cgpa,min_ielts,min_gre,data_source,verified_by,last_verified_at
PROG_1,UNI_USA_MIT,Masters in Computer Science,Computer Science,Masters,24,45000.0,USD,45000.0,USD,3.0,6.0,320,PILOT_V1_MANUAL,auto_gen_v1,2026-07-14T05:02:05.155096Z
PROG_2,UNI_USA_MIT,Bachelors in Business Administration,Business Administration,Bachelors,24,46000,USD,46000,USD,3.2,6.5,,PILOT_V1_MANUAL,auto_gen_v1,2026-07-14T05:02:05.155096Z
PROG_3,UNI_USA_MIT,PhD in General Engineering,General Engineering,PhD,24,47000,USD,47000,USD,3.4,7.0,,PILOT_V1_MANUAL,auto_gen_v1,2026-07-14T05:02:05.155096Z
PROG_4,UNI_USA_STANFORD,Masters in Business Administration,Business Administration,Masters,24,45000,USD,45000,USD,3.0,6.0,,PILOT_V1_MANUAL,auto_gen_v1,2026-07-14T05:02:05.155096Z
PROG_5,UNI_USA_STANFORD,Bachelors in General Engineering,General Engineering,Bachelors,24,46000,USD,46000,USD,3.2,6.5,,PILOT_V1_MANUAL,auto_gen_v1,2026-07-14T05:02:05.155096Z
PROG_6,UNI_USA_STANFORD,PhD in Medicine,Medicine,PhD,24,47000,USD,47000,USD,3.4,7.0,,PILOT_V1_MANUAL,auto_gen_v1,2026-07-14T05:02:05.155096Z
PROG_7,UNI_USA_HARVARD,Masters in General Engineering,General Engineering,Masters,24,45000,USD,45000,USD,3.0,6.0,,PILOT_V1_MANUAL,auto_gen_v1,2026-07-14T05:02:05.155096Z
PROG_8,UNI_USA_HARVARD,Bachelors in Medicine,Medicine,Bachelors,24,46000,USD,46000,USD,3.2,6.5,,PILOT_V1_MANUAL,auto_gen_v1,2026-07-14T05:02:05.155096Z
PROG_9,UNI_USA_HARVARD,PhD in Design,Design,PhD,24,47000,USD,47000,USD,3.4,7.0,,PILOT_V1_MANUAL,auto_gen_v1,2026-07-14T05:02:05.155096Z
PROG_10,UNI_USA_UCB,Masters in Medicine,Medicine,Masters,24,45000,USD,45000,USD,3.0,6.0,,PILOT_V1_MANUAL,auto_gen_v1,2026-07-14T05:02:05.155096Z
PROG_11,UNI_USA_UCB,Bachelors in Design,Design,Bachelors,24,46000,USD,46000,USD,3.2,6.5,,PILOT_V1_MANUAL,auto_gen_v1,2026-07-14T05:02:05.155096Z
PROG_12,UNI_USA_UCB,PhD in Law,Law,PhD,24,47000,USD,47000,USD,3.4,7.0,,PILOT_V1_MANUAL,auto_gen_v1,2026-07-14T05:02:05.155096Z
PROG_13,UNI_USA_UTEXAS,Masters in Design,Design,Masters,24,45000,USD,45000,USD,3.0,6.0,,PILOT_V1_MANUAL,auto_gen_v1,2026-07-14T05:02:05.155096Z
PROG_14,UNI_USA_UTEXAS,Bachelors in Law,Law,Bachelors,24,46000,USD,46000,USD,3.2,6.5,,PILOT_V1_MANUAL,auto_gen_v1,2026-07-14T05:02:05.155096Z
PROG_15,UNI_USA_UTEXAS,PhD in Psychology,Psychology,PhD,24,47000,USD,47000,USD,3.4,7.0,,PILOT_V1_MANUAL,auto_gen_v1,2026-07-14T05:02:05.155096Z
PROG_16,UNI_USA_NYU,Masters in Law,Law,Masters,24,45000,USD,45000,USD,3.0,6.0,,PILOT_V1_MANUAL,auto_gen_v1,2026-07-14T05:02:05.155096Z
PROG_17,UNI_USA_NYU,Bachelors in Psychology,Psychology,Bachelors,24,46000,USD,46000,USD,3.2,6.5,,PILOT_V1_MANUAL,auto_gen_v1,2026-07-14T05:02:05.155096Z
PROG_18,UNI_USA_NYU,PhD in History,History,PhD,24,47000,USD,47000,USD,3.4,7.0,,PILOT_V1_MANUAL,auto_gen_v1,2026-07-14T05:02:05.155096Z
PROG_19,UNI_USA_MICHIGAN,Masters in Psychology,Psychology,Masters,24,45000,USD,45000,USD,3.0,6.0,,PILOT_V1_MANUAL,auto_gen_v1,2026-07-14T05:02:05.155096Z
PROG_20,UNI_USA_MICHIGAN,Bachelors in History,History,Bachelors,24,46000,USD,46000,USD,3.2,6.5,,PILOT_V1_MANUAL,auto_gen_v1,2026-07-14T05:02:05.155096Z
PROG_21,UNI_USA_MICHIGAN,PhD in Computer Science,Computer Science,PhD,24,47000,USD,47000,USD,3.4,7.0,320,PILOT_V1_MANUAL,auto_gen_v1,2026-07-14T05:02:05.155096Z
PROG_22,UNI_USA_GEORGIA,Masters in History,History,Masters,24,45000,USD,45000,USD,3.0,6.0,,PILOT_V1_MANUAL,auto_gen_v1,2026-07-14T05:02:05.155096Z
PROG_23,UNI_USA_GEORGIA,Bachelors in Computer Science,Computer Science,Bachelors,24,46000,USD,46000,USD,3.2,6.5,320,PILOT_V1_MANUAL,auto_gen_v1,2026-07-14T05:02:05.155096Z
PROG_24,UNI_USA_GEORGIA,PhD in Business Administration,Business Administration,PhD,24,47000,USD,47000,USD,3.4,7.0,,PILOT_V1_MANUAL,auto_gen_v1,2026-07-14T05:02:05.155096Z
PROG_25,UNI_USA_ASU,Masters in Computer Science,Computer Science,Masters,24,45000,USD,45000,USD,3.0,6.0,320,PILOT_V1_MANUAL,auto_gen_v1,2026-07-14T05:02:05.155096Z
PROG_26,UNI_USA_ASU,Bachelors in Business Administration,Business Administration,Bachelors,24,46000,USD,46000,USD,3.2,6.5,,PILOT_V1_MANUAL,auto_gen_v1,2026-07-14T05:02:05.155096Z
PROG_27,UNI_USA_ASU,PhD in General Engineering,General Engineering,PhD,24,47000,USD,47000,USD,3.4,7.0,,PILOT_V1_MANUAL,auto_gen_v1,2026-07-14T05:02:05.155096Z
PROG_28,UNI_USA_SJSU,Masters in Business Administration,Business Administration,Masters,24,45000,USD,45000,USD,3.0,6.0,,PILOT_V1_MANUAL,auto_gen_v1,2026-07-14T05:02:05.155096Z
PROG_29,UNI_USA_SJSU,Bachelors in General Engineering,General Engineering,Bachelors,24,46000,USD,46000,USD,3.2,6.5,,PILOT_V1_MANUAL,auto_gen_v1,2026-07-14T05:02:05.155096Z
PROG_30,UNI_USA_SJSU,PhD in Medicine,Medicine,PhD,24,47000,USD,47000,USD,3.4,7.0,,PILOT_V1_MANUAL,auto_gen_v1,2026-07-14T05:02:05.155096Z
PROG_31,UNI_CAN_TORONTO,Masters in General Engineering,General Engineering,Masters,24,35000,CAD,35000,CAD,3.0,6.0,,PILOT_V1_MANUAL,auto_gen_v1,2026-07-14T05:02:05.155096Z
PROG_32,UNI_CAN_TORONTO,Bachelors in Medicine,Medicine,Bachelors,24,36000,CAD,36000,CAD,3.2,6.5,,PILOT_V1_MANUAL,auto_gen_v1,2026-07-14T05:02:05.155096Z
PROG_33,UNI_CAN_TORONTO,PhD in Design,Design,PhD,24,37000,CAD,37000,CAD,3.4,7.0,,PILOT_V1_MANUAL,auto_gen_v1,2026-07-14T05:02:05.155096Z
PROG_34,UNI_CAN_UBC,Masters in Medicine,Medicine,Masters,24,35000,CAD,35000,CAD,3.0,6.0,,PILOT_V1_MANUAL,auto_gen_v1,2026-07-14T05:02:05.155096Z
PROG_35,UNI_CAN_UBC,Bachelors in Design,Design,Bachelors,24,36000,CAD,36000,CAD,3.2,6.5,,PILOT_V1_MANUAL,auto_gen_v1,2026-07-14T05:02:05.155096Z
PROG_36,UNI_CAN_UBC,PhD in Law,Law,PhD,24,37000,CAD,37000,CAD,3.4,7.0,,PILOT_V1_MANUAL,auto_gen_v1,2026-07-14T05:02:05.155096Z
PROG_37,UNI_CAN_MCGILL,Masters in Design,Design,Masters,24,35000,CAD,35000,CAD,3.0,6.0,,PILOT_V1_MANUAL,auto_gen_v1,2026-07-14T05:02:05.155096Z
PROG_38,UNI_CAN_MCGILL,Bachelors in Law,Law,Bachelors,24,36000,CAD,36000,CAD,3.2,6.5,,PILOT_V1_MANUAL,auto_gen_v1,2026-07-14T05:02:05.155096Z
PROG_39,UNI_CAN_MCGILL,PhD in Psychology,Psychology,PhD,24,37000,CAD,37000,CAD,3.4,7.0,,PILOT_V1_MANUAL,auto_gen_v1,2026-07-14T05:02:05.155096Z
PROG_40,UNI_CAN_WATERLOO,Masters in Law,Law,Masters,24,35000,CAD,35000,CAD,3.0,6.0,,PILOT_V1_MANUAL,auto_gen_v1,2026-07-14T05:02:05.155096Z
PROG_41,UNI_CAN_WATERLOO,Bachelors in Psychology,Psychology,Bachelors,24,36000,CAD,36000,CAD,3.2,6.5,,PILOT_V1_MANUAL,auto_gen_v1,2026-07-14T05:02:05.155096Z
PROG_42,UNI_CAN_WATERLOO,PhD in History,History,PhD,24,37000,CAD,37000,CAD,3.4,7.0,,PILOT_V1_MANUAL,auto_gen_v1,2026-07-14T05:02:05.155096Z
PROG_43,UNI_CAN_ALBERTA,Masters in Psychology,Psychology,Masters,24,35000,CAD,35000,CAD,3.0,6.0,,PILOT_V1_MANUAL,auto_gen_v1,2026-07-14T05:02:05.155096Z
PROG_44,UNI_CAN_ALBERTA,Bachelors in History,History,Bachelors,24,36000,CAD,36000,CAD,3.2,6.5,,PILOT_V1_MANUAL,auto_gen_v1,2026-07-14T05:02:05.155096Z
PROG_45,UNI_CAN_ALBERTA,PhD in Computer Science,Computer Science,PhD,24,37000,CAD,37000,CAD,3.4,7.0,320,PILOT_V1_MANUAL,auto_gen_v1,2026-07-14T05:02:05.155096Z
PROG_46,UNI_GBR_OXFORD,Masters in History,History,Masters,24,25000,GBP,25000,GBP,3.0,6.0,,PILOT_V1_MANUAL,auto_gen_v1,2026-07-14T05:02:05.155096Z
PROG_47,UNI_GBR_OXFORD,Bachelors in Computer Science,Computer Science,Bachelors,24,26000,GBP,26000,GBP,3.2,6.5,320,PILOT_V1_MANUAL,auto_gen_v1,2026-07-14T05:02:05.155096Z
PROG_48,UNI_GBR_OXFORD,PhD in Business Administration,Business Administration,PhD,24,27000,GBP,27000,GBP,3.4,7.0,,PILOT_V1_MANUAL,auto_gen_v1,2026-07-14T05:02:05.155096Z
PROG_49,UNI_GBR_CAMBRIDGE,Masters in Computer Science,Computer Science,Masters,24,25000,GBP,25000,GBP,3.0,6.0,320,PILOT_V1_MANUAL,auto_gen_v1,2026-07-14T05:02:05.155096Z
PROG_50,UNI_GBR_CAMBRIDGE,Bachelors in Business Administration,Business Administration,Bachelors,24,26000,GBP,26000,GBP,3.2,6.5,,PILOT_V1_MANUAL,auto_gen_v1,2026-07-14T05:02:05.155096Z
PROG_51,UNI_GBR_CAMBRIDGE,PhD in General Engineering,General Engineering,PhD,24,27000,GBP,27000,GBP,3.4,7.0,,PILOT_V1_MANUAL,auto_gen_v1,2026-07-14T05:02:05.155096Z
PROG_52,UNI_GBR_ICL,Masters in Business Administration,Business Administration,Masters,24,25000,GBP,25000,GBP,3.0,6.0,,PILOT_V1_MANUAL,auto_gen_v1,2026-07-14T05:02:05.155096Z
PROG_53,UNI_GBR_ICL,Bachelors in General Engineering,General Engineering,Bachelors,24,26000,GBP,26000,GBP,3.2,6.5,,PILOT_V1_MANUAL,auto_gen_v1,2026-07-14T05:02:05.155096Z
PROG_54,UNI_GBR_ICL,PhD in Medicine,Medicine,PhD,24,27000,GBP,27000,GBP,3.4,7.0,,PILOT_V1_MANUAL,auto_gen_v1,2026-07-14T05:02:05.155096Z
PROG_55,UNI_GBR_EDINBURGH,Masters in General Engineering,General Engineering,Masters,24,25000,GBP,25000,GBP,3.0,6.0,,PILOT_V1_MANUAL,auto_gen_v1,2026-07-14T05:02:05.155096Z
PROG_56,UNI_GBR_EDINBURGH,Bachelors in Medicine,Medicine,Bachelors,24,26000,GBP,26000,GBP,3.2,6.5,,PILOT_V1_MANUAL,auto_gen_v1,2026-07-14T05:02:05.155096Z
PROG_57,UNI_GBR_EDINBURGH,PhD in Design,Design,PhD,24,27000,GBP,27000,GBP,3.4,7.0,,PILOT_V1_MANUAL,auto_gen_v1,2026-07-14T05:02:05.155096Z
PROG_58,UNI_GBR_MANCHESTER,Masters in Medicine,Medicine,Masters,24,25000,GBP,25000,GBP,3.0,6.0,,PILOT_V1_MANUAL,auto_gen_v1,2026-07-14T05:02:05.155096Z
PROG_59,UNI_GBR_MANCHESTER,Bachelors in Design,Design,Bachelors,24,26000,GBP,26000,GBP,3.2,6.5,,PILOT_V1_MANUAL,auto_gen_v1,2026-07-14T05:02:05.155096Z
PROG_60,UNI_GBR_MANCHESTER,PhD in Law,Law,PhD,24,27000,GBP,27000,GBP,3.4,7.0,,PILOT_V1_MANUAL,auto_gen_v1,2026-07-14T05:02:05.155096Z
PROG_61,UNI_DEU_TUM,Masters in Design,Design,Masters,24,1500,EUR,1500,EUR,3.0,6.0,,PILOT_V1_MANUAL,auto_gen_v1,2026-07-14T05:02:05.155096Z
PROG_62,UNI_DEU_TUM,Bachelors in Law,Law,Bachelors,24,2500,EUR,2500,EUR,3.2,6.5,,PILOT_V1_MANUAL,auto_gen_v1,2026-07-14T05:02:05.155096Z
PROG_63,UNI_DEU_TUM,PhD in Psychology,Psychology,PhD,24,3500,EUR,3500,EUR,3.4,7.0,,PILOT_V1_MANUAL,auto_gen_v1,2026-07-14T05:02:05.155096Z
PROG_64,UNI_DEU_LMU,Masters in Law,Law,Masters,24,1500,EUR,1500,EUR,3.0,6.0,,PILOT_V1_MANUAL,auto_gen_v1,2026-07-14T05:02:05.155096Z
PROG_65,UNI_DEU_LMU,Bachelors in Psychology,Psychology,Bachelors,24,2500,EUR,2500,EUR,3.2,6.5,,PILOT_V1_MANUAL,auto_gen_v1,2026-07-14T05:02:05.155096Z
PROG_66,UNI_DEU_LMU,PhD in History,History,PhD,24,3500,EUR,3500,EUR,3.4,7.0,,PILOT_V1_MANUAL,auto_gen_v1,2026-07-14T05:02:05.155096Z
PROG_67,UNI_DEU_HEIDELBERG,Masters in Psychology,Psychology,Masters,24,1500,EUR,1500,EUR,3.0,6.0,,PILOT_V1_MANUAL,auto_gen_v1,2026-07-14T05:02:05.155096Z
PROG_68,UNI_DEU_HEIDELBERG,Bachelors in History,History,Bachelors,24,2500,EUR,2500,EUR,3.2,6.5,,PILOT_V1_MANUAL,auto_gen_v1,2026-07-14T05:02:05.155096Z
PROG_69,UNI_DEU_HEIDELBERG,PhD in Computer Science,Computer Science,PhD,24,3500,EUR,3500,EUR,3.4,7.0,320,PILOT_V1_MANUAL,auto_gen_v1,2026-07-14T05:02:05.155096Z
PROG_70,UNI_DEU_RWTH,Masters in History,History,Masters,24,1500,EUR,1500,EUR,3.0,6.0,,PILOT_V1_MANUAL,auto_gen_v1,2026-07-14T05:02:05.155096Z
PROG_71,UNI_DEU_RWTH,Bachelors in Computer Science,Computer Science,Bachelors,24,2500,EUR,2500,EUR,3.2,6.5,320,PILOT_V1_MANUAL,auto_gen_v1,2026-07-14T05:02:05.155096Z
PROG_72,UNI_DEU_RWTH,PhD in Business Administration,Business Administration,PhD,24,3500,EUR,3500,EUR,3.4,7.0,,PILOT_V1_MANUAL,auto_gen_v1,2026-07-14T05:02:05.155096Z
PROG_73,UNI_FRA_SORBONNE,Masters in Computer Science,Computer Science,Masters,24,4000,EUR,4000,EUR,3.0,6.0,320,PILOT_V1_MANUAL,auto_gen_v1,2026-07-14T05:02:05.155096Z
PROG_74,UNI_FRA_SORBONNE,Bachelors in Business Administration,Business Administration,Bachelors,24,5000,EUR,5000,EUR,3.2,6.5,,PILOT_V1_MANUAL,auto_gen_v1,2026-07-14T05:02:05.155096Z
PROG_75,UNI_FRA_SORBONNE,PhD in General Engineering,General Engineering,PhD,24,6000,EUR,6000,EUR,3.4,7.0,,PILOT_V1_MANUAL,auto_gen_v1,2026-07-14T05:02:05.155096Z
PROG_76,UNI_FRA_POLYTECHNIQUE,Masters in Business Administration,Business Administration,Masters,24,4000,EUR,4000,EUR,3.0,6.0,,PILOT_V1_MANUAL,auto_gen_v1,2026-07-14T05:02:05.155096Z
PROG_77,UNI_FRA_POLYTECHNIQUE,Bachelors in General Engineering,General Engineering,Bachelors,24,5000,EUR,5000,EUR,3.2,6.5,,PILOT_V1_MANUAL,auto_gen_v1,2026-07-14T05:02:05.155096Z
PROG_78,UNI_FRA_POLYTECHNIQUE,PhD in Medicine,Medicine,PhD,24,6000,EUR,6000,EUR,3.4,7.0,,PILOT_V1_MANUAL,auto_gen_v1,2026-07-14T05:02:05.155096Z
PROG_79,UNI_NLD_DELFT,Masters in General Engineering,General Engineering,Masters,24,18000,EUR,18000,EUR,3.0,6.0,,PILOT_V1_MANUAL,auto_gen_v1,2026-07-14T05:02:05.155096Z
PROG_80,UNI_NLD_DELFT,Bachelors in Medicine,Medicine,Bachelors,24,19000,EUR,19000,EUR,3.2,6.5,,PILOT_V1_MANUAL,auto_gen_v1,2026-07-14T05:02:05.155096Z
PROG_81,UNI_NLD_DELFT,PhD in Design,Design,PhD,24,20000,EUR,20000,EUR,3.4,7.0,,PILOT_V1_MANUAL,auto_gen_v1,2026-07-14T05:02:05.155096Z
PROG_82,UNI_NLD_AMSTERDAM,Masters in Medicine,Medicine,Masters,24,18000,EUR,18000,EUR,3.0,6.0,,PILOT_V1_MANUAL,auto_gen_v1,2026-07-14T05:02:05.155096Z
PROG_83,UNI_NLD_AMSTERDAM,Bachelors in Design,Design,Bachelors,24,19000,EUR,19000,EUR,3.2,6.5,,PILOT_V1_MANUAL,auto_gen_v1,2026-07-14T05:02:05.155096Z
PROG_84,UNI_NLD_AMSTERDAM,PhD in Law,Law,PhD,24,20000,EUR,20000,EUR,3.4,7.0,,PILOT_V1_MANUAL,auto_gen_v1,2026-07-14T05:02:05.155096Z
PROG_85,UNI_CHE_ETH,Masters in Design,Design,Masters,24,25000,USD,22000,CHF,3.0,6.0,,PILOT_V1_MANUAL,auto_gen_v1,2026-07-14T05:02:05.155096Z
PROG_86,UNI_CHE_ETH,Bachelors in Law,Law,Bachelors,24,26000,USD,23000,CHF,3.2,6.5,,PILOT_V1_MANUAL,auto_gen_v1,2026-07-14T05:02:05.155096Z
PROG_87,UNI_CHE_ETH,PhD in Psychology,Psychology,PhD,24,27000,USD,24000,CHF,3.4,7.0,,PILOT_V1_MANUAL,auto_gen_v1,2026-07-14T05:02:05.155096Z
PROG_88,UNI_CHE_EPFL,Masters in Law,Law,Masters,24,25000,USD,22000,CHF,3.0,6.0,,PILOT_V1_MANUAL,auto_gen_v1,2026-07-14T05:02:05.155096Z
PROG_89,UNI_CHE_EPFL,Bachelors in Psychology,Psychology,Bachelors,24,26000,USD,23000,CHF,3.2,6.5,,PILOT_V1_MANUAL,auto_gen_v1,2026-07-14T05:02:05.155096Z
PROG_90,UNI_CHE_EPFL,PhD in History,History,PhD,24,27000,USD,24000,CHF,3.4,7.0,,PILOT_V1_MANUAL,auto_gen_v1,2026-07-14T05:02:05.155096Z
PROG_91,UNI_SGP_NUS,Masters in Psychology,Psychology,Masters,24,30000,USD,40000,SGD,3.0,6.0,,PILOT_V1_MANUAL,auto_gen_v1,2026-07-14T05:02:05.155096Z
PROG_92,UNI_SGP_NUS,Bachelors in History,History,Bachelors,24,31000,USD,41000,SGD,3.2,6.5,,PILOT_V1_MANUAL,auto_gen_v1,2026-07-14T05:02:05.155096Z
PROG_93,UNI_SGP_NUS,PhD in Computer Science,Computer Science,PhD,24,32000,USD,42000,SGD,3.4,7.0,320,PILOT_V1_MANUAL,auto_gen_v1,2026-07-14T05:02:05.155096Z
PROG_94,UNI_SGP_NTU,Masters in History,History,Masters,24,30000,USD,40000,SGD,3.0,6.0,,PILOT_V1_MANUAL,auto_gen_v1,2026-07-14T05:02:05.155096Z
PROG_95,UNI_SGP_NTU,Bachelors in Computer Science,Computer Science,Bachelors,24,31000,USD,41000,SGD,3.2,6.5,320,PILOT_V1_MANUAL,auto_gen_v1,2026-07-14T05:02:05.155096Z
PROG_96,UNI_SGP_NTU,PhD in Business Administration,Business Administration,PhD,24,32000,USD,42000,SGD,3.4,7.0,,PILOT_V1_MANUAL,auto_gen_v1,2026-07-14T05:02:05.155096Z
PROG_97,UNI_JPN_TOKYO,Masters in Computer Science,Computer Science,Masters,24,15000,USD,2000000,JPY,3.0,6.0,320,PILOT_V1_MANUAL,auto_gen_v1,2026-07-14T05:02:05.155096Z
PROG_98,UNI_JPN_TOKYO,Bachelors in Business Administration,Business Administration,Bachelors,24,16000,USD,2001000,JPY,3.2,6.5,,PILOT_V1_MANUAL,auto_gen_v1,2026-07-14T05:02:05.155096Z
PROG_99,UNI_JPN_TOKYO,PhD in General Engineering,General Engineering,PhD,24,17000,USD,2002000,JPY,3.4,7.0,,PILOT_V1_MANUAL,auto_gen_v1,2026-07-14T05:02:05.155096Z
PROG_100,UNI_JPN_KYOTO,Masters in Business Administration,Business Administration,Masters,24,15000,USD,2000000,JPY,3.0,6.0,,PILOT_V1_MANUAL,auto_gen_v1,2026-07-14T05:02:05.155096Z
PROG_101,UNI_JPN_KYOTO,Bachelors in General Engineering,General Engineering,Bachelors,24,16000,USD,2001000,JPY,3.2,6.5,,PILOT_V1_MANUAL,auto_gen_v1,2026-07-14T05:02:05.155096Z
PROG_102,UNI_JPN_KYOTO,PhD in Medicine,Medicine,PhD,24,17000,USD,2002000,JPY,3.4,7.0,,PILOT_V1_MANUAL,auto_gen_v1,2026-07-14T05:02:05.155096Z
PROG_103,UNI_CHN_TSINGHUA,Masters in General Engineering,General Engineering,Masters,24,40000,CNY,40000,CNY,3.0,6.0,,PILOT_V1_MANUAL,auto_gen_v1,2026-07-14T05:02:05.155096Z
PROG_104,UNI_CHN_TSINGHUA,Bachelors in Medicine,Medicine,Bachelors,24,41000,CNY,41000,CNY,3.2,6.5,,PILOT_V1_MANUAL,auto_gen_v1,2026-07-14T05:02:05.155096Z
PROG_105,UNI_CHN_TSINGHUA,PhD in Design,Design,PhD,24,42000,CNY,42000,CNY,3.4,7.0,,PILOT_V1_MANUAL,auto_gen_v1,2026-07-14T05:02:05.155096Z
PROG_106,UNI_CHN_PEKING,Masters in Medicine,Medicine,Masters,24,40000,CNY,40000,CNY,3.0,6.0,,PILOT_V1_MANUAL,auto_gen_v1,2026-07-14T05:02:05.155096Z
PROG_107,UNI_CHN_PEKING,Bachelors in Design,Design,Bachelors,24,41000,CNY,41000,CNY,3.2,6.5,,PILOT_V1_MANUAL,auto_gen_v1,2026-07-14T05:02:05.155096Z
PROG_108,UNI_CHN_PEKING,PhD in Law,Law,PhD,24,42000,CNY,42000,CNY,3.4,7.0,,PILOT_V1_MANUAL,auto_gen_v1,2026-07-14T05:02:05.155096Z
PROG_109,UNI_IND_IITB,Masters in Design,Design,Masters,24,200000,INR,200000,INR,3.0,6.0,,PILOT_V1_MANUAL,auto_gen_v1,2026-07-14T05:02:05.155096Z
PROG_110,UNI_IND_IITB,Bachelors in Law,Law,Bachelors,24,201000,INR,201000,INR,3.2,6.5,,PILOT_V1_MANUAL,auto_gen_v1,2026-07-14T05:02:05.155096Z
PROG_111,UNI_IND_IITB,PhD in Psychology,Psychology,PhD,24,202000,INR,202000,INR,3.4,7.0,,PILOT_V1_MANUAL,auto_gen_v1,2026-07-14T05:02:05.155096Z
PROG_112,UNI_IND_IITD,Masters in Law,Law,Masters,24,200000,INR,200000,INR,3.0,6.0,,PILOT_V1_MANUAL,auto_gen_v1,2026-07-14T05:02:05.155096Z
PROG_113,UNI_IND_IITD,Bachelors in Psychology,Psychology,Bachelors,24,201000,INR,201000,INR,3.2,6.5,,PILOT_V1_MANUAL,auto_gen_v1,2026-07-14T05:02:05.155096Z
PROG_114,UNI_IND_IITD,PhD in History,History,PhD,24,202000,INR,202000,INR,3.4,7.0,,PILOT_V1_MANUAL,auto_gen_v1,2026-07-14T05:02:05.155096Z
PROG_115,UNI_KOR_SNU,Masters in Psychology,Psychology,Masters,24,10000,USD,13000000,KRW,3.0,6.0,,PILOT_V1_MANUAL,auto_gen_v1,2026-07-14T05:02:05.155096Z
PROG_116,UNI_KOR_SNU,Bachelors in History,History,Bachelors,24,11000,USD,13001000,KRW,3.2,6.5,,PILOT_V1_MANUAL,auto_gen_v1,2026-07-14T05:02:05.155096Z
PROG_117,UNI_KOR_SNU,PhD in Computer Science,Computer Science,PhD,24,12000,USD,13002000,KRW,3.4,7.0,320,PILOT_V1_MANUAL,auto_gen_v1,2026-07-14T05:02:05.155096Z
PROG_118,UNI_KOR_KAIST,Masters in History,History,Masters,24,10000,USD,13000000,KRW,3.0,6.0,,PILOT_V1_MANUAL,auto_gen_v1,2026-07-14T05:02:05.155096Z
PROG_119,UNI_KOR_KAIST,Bachelors in Computer Science,Computer Science,Bachelors,24,11000,USD,13001000,KRW,3.2,6.5,320,PILOT_V1_MANUAL,auto_gen_v1,2026-07-14T05:02:05.155096Z
PROG_120,UNI_KOR_KAIST,PhD in Business Administration,Business Administration,PhD,24,12000,USD,13002000,KRW,3.4,7.0,,PILOT_V1_MANUAL,auto_gen_v1,2026-07-14T05:02:05.155096Z
PROG_121,UNI_AUS_MELBOURNE,Masters in Computer Science,Computer Science,Masters,24,40000,AUD,40000,AUD,3.0,6.0,320,PILOT_V1_MANUAL,auto_gen_v1,2026-07-14T05:02:05.155096Z
PROG_122,UNI_AUS_MELBOURNE,Bachelors in Business Administration,Business Administration,Bachelors,24,41000,AUD,41000,AUD,3.2,6.5,,PILOT_V1_MANUAL,auto_gen_v1,2026-07-14T05:02:05.155096Z
PROG_123,UNI_AUS_MELBOURNE,PhD in General Engineering,General Engineering,PhD,24,42000,AUD,42000,AUD,3.4,7.0,,PILOT_V1_MANUAL,auto_gen_v1,2026-07-14T05:02:05.155096Z
PROG_124,UNI_AUS_SYDNEY,Masters in Business Administration,Business Administration,Masters,24,40000,AUD,40000,AUD,3.0,6.0,,PILOT_V1_MANUAL,auto_gen_v1,2026-07-14T05:02:05.155096Z
PROG_125,UNI_AUS_SYDNEY,Bachelors in General Engineering,General Engineering,Bachelors,24,41000,AUD,41000,AUD,3.2,6.5,,PILOT_V1_MANUAL,auto_gen_v1,2026-07-14T05:02:05.155096Z
PROG_126,UNI_AUS_SYDNEY,PhD in Medicine,Medicine,PhD,24,42000,AUD,42000,AUD,3.4,7.0,,PILOT_V1_MANUAL,auto_gen_v1,2026-07-14T05:02:05.155096Z
PROG_127,UNI_AUS_UNSW,Masters in General Engineering,General Engineering,Masters,24,40000,AUD,40000,AUD,3.0,6.0,,PILOT_V1_MANUAL,auto_gen_v1,2026-07-14T05:02:05.155096Z
PROG_128,UNI_AUS_UNSW,Bachelors in Medicine,Medicine,Bachelors,24,41000,AUD,41000,AUD,3.2,6.5,,PILOT_V1_MANUAL,auto_gen_v1,2026-07-14T05:02:05.155096Z
PROG_129,UNI_AUS_UNSW,PhD in Design,Design,PhD,24,42000,AUD,42000,AUD,3.4,7.0,,PILOT_V1_MANUAL,auto_gen_v1,2026-07-14T05:02:05.155096Z
PROG_130,UNI_AUS_MONASH,Masters in Medicine,Medicine,Masters,24,40000,AUD,40000,AUD,3.0,6.0,,PILOT_V1_MANUAL,auto_gen_v1,2026-07-14T05:02:05.155096Z
PROG_131,UNI_AUS_MONASH,Bachelors in Design,Design,Bachelors,24,41000,AUD,41000,AUD,3.2,6.5,,PILOT_V1_MANUAL,auto_gen_v1,2026-07-14T05:02:05.155096Z
PROG_132,UNI_AUS_MONASH,PhD in Law,Law,PhD,24,42000,AUD,42000,AUD,3.4,7.0,,PILOT_V1_MANUAL,auto_gen_v1,2026-07-14T05:02:05.155096Z
PROG_133,UNI_NZL_AUCKLAND,Masters in Design,Design,Masters,24,35000,AUD,38000,NZD,3.0,6.0,,PILOT_V1_MANUAL,auto_gen_v1,2026-07-14T05:02:05.155096Z
PROG_134,UNI_NZL_AUCKLAND,Bachelors in Law,Law,Bachelors,24,36000,AUD,39000,NZD,3.2,6.5,,PILOT_V1_MANUAL,auto_gen_v1,2026-07-14T05:02:05.155096Z
PROG_135,UNI_NZL_AUCKLAND,PhD in Psychology,Psychology,PhD,24,37000,AUD,40000,NZD,3.4,7.0,,PILOT_V1_MANUAL,auto_gen_v1,2026-07-14T05:02:05.155096Z
PROG_136,UNI_ZAF_CAPE,Masters in Law,Law,Masters,24,8000,USD,150000,ZAR,3.0,6.0,,PILOT_V1_MANUAL,auto_gen_v1,2026-07-14T05:02:05.155096Z
PROG_137,UNI_ZAF_CAPE,Bachelors in Psychology,Psychology,Bachelors,24,9000,USD,151000,ZAR,3.2,6.5,,PILOT_V1_MANUAL,auto_gen_v1,2026-07-14T05:02:05.155096Z
PROG_138,UNI_ZAF_CAPE,PhD in History,History,PhD,24,10000,USD,152000,ZAR,3.4,7.0,,PILOT_V1_MANUAL,auto_gen_v1,2026-07-14T05:02:05.155096Z
PROG_139,UNI_ZAF_WITS,Masters in Psychology,Psychology,Masters,24,8000,USD,150000,ZAR,3.0,6.0,,PILOT_V1_MANUAL,auto_gen_v1,2026-07-14T05:02:05.155096Z
PROG_140,UNI_ZAF_WITS,Bachelors in History,History,Bachelors,24,9000,USD,151000,ZAR,3.2,6.5,,PILOT_V1_MANUAL,auto_gen_v1,2026-07-14T05:02:05.155096Z
PROG_141,UNI_ZAF_WITS,PhD in Computer Science,Computer Science,PhD,24,10000,USD,152000,ZAR,3.4,7.0,320,PILOT_V1_MANUAL,auto_gen_v1,2026-07-14T05:02:05.155096Z
PROG_142,UNI_BRA_USP,Masters in History,History,Masters,24,5000,USD,25000,BRL,3.0,6.0,,PILOT_V1_MANUAL,auto_gen_v1,2026-07-14T05:02:05.155096Z
PROG_143,UNI_BRA_USP,Bachelors in Computer Science,Computer Science,Bachelors,24,6000,USD,26000,BRL,3.2,6.5,320,PILOT_V1_MANUAL,auto_gen_v1,2026-07-14T05:02:05.155096Z
PROG_144,UNI_BRA_USP,PhD in Business Administration,Business Administration,PhD,24,7000,USD,27000,BRL,3.4,7.0,,PILOT_V1_MANUAL,auto_gen_v1,2026-07-14T05:02:05.155096Z
PROG_145,UNI_MEX_UNAM,Masters in Computer Science,Computer Science,Masters,24,6000,USD,100000,MXN,3.0,6.0,320,PILOT_V1_MANUAL,auto_gen_v1,2026-07-14T05:02:05.155096Z
PROG_146,UNI_MEX_UNAM,Bachelors in Business Administration,Business Administration,Bachelors,24,7000,USD,101000,MXN,3.2,6.5,,PILOT_V1_MANUAL,auto_gen_v1,2026-07-14T05:02:05.155096Z
PROG_147,UNI_MEX_UNAM,PhD in General Engineering,General Engineering,PhD,24,8000,USD,102000,MXN,3.4,7.0,,PILOT_V1_MANUAL,auto_gen_v1,2026-07-14T05:02:05.155096Z
PROG_148,UNI_ARG_UBA,Masters in Business Administration,Business Administration,Masters,24,4000,USD,1500000,ARS,3.0,6.0,,PILOT_V1_MANUAL,auto_gen_v1,2026-07-14T05:02:05.155096Z
PROG_149,UNI_ARG_UBA,Bachelors in General Engineering,General Engineering,Bachelors,24,5000,USD,1501000,ARS,3.2,6.5,,PILOT_V1_MANUAL,auto_gen_v1,2026-07-14T05:02:05.155096Z
PROG_150,UNI_ARG_UBA,PhD in Medicine,Medicine,PhD,24,6000,USD,1502000,ARS,3.4,7.0,,PILOT_V1_MANUAL,auto_gen_v1,2026-07-14T05:02:05.155096Z
